video_id,start,end,bbox,fps,width,height,partition,person_id
lh-5ywLSky0,1249,1406,534-50-923-554,25,1280,720,train,id10193
D23qz5g6I2g,16635,16895,326-59-745-472,25,1280,720,train,id11182
vqs1ZvoJ4XY,7719,7818,416-16-775-440,25,1280,720,train,id10068
QuhY9sCgvt4,8335,8584,635-37-913-376,25,1280,720,train,id10637
_J7sSmwDF0o,3468,3610,220-7-507-405,25,1280,720,train,id10634
1hEvqYi9kkk,3572,3806,440-0-943-668,25,1280,720,train,id10411
iyHOYmDAYio,7386,7497,622-31-905-372,25,1280,720,train,id10125
90YNetVBMAQ,5480,5593,425-85-751-535,25,1280,720,train,id10125
ZQywkCcibpg,1031,1216,580-72-962-555,25,1280,720,train,id10226
kpP2zax_phY,4061,4213,403-83-787-509,25,1280,720,train,id10231
7J4N-z-ptUk,1203,1423,476-68-758-395,25,1280,720,train,id11027
N_IFXysOhCE,1699,1842,413-0-808-557,25,1280,720,train,id10608
QuhY9sCgvt4,5731,5888,619-27-889-365,25,1280,720,train,id10637
7YZlKFRT0gA,942,1113,735-58-1010-443,25,1280,720,train,id10973
GQxAiL_gSJg,3957,4155,288-79-596-424,25,1280,720,train,id10012
z8vUUJW-3nY,1485,1605,728-65-1026-424,25,1280,720,train,id10256
bLXip7ZI2Pc,7831,7932,475-56-1001-667,25,1280,720,train,id10631
rj8yB7i97nk,5174,5528,466-43-862-477,25,1280,720,train,id10224
jmIItZwaENQ,9309,9414,444-0-793-437,25,1280,720,train,id10902
ygFqhQoplYc,671,900,192-98-524-446,25,1280,720,train,id11212
8x1t8P-UQpY,12285,12491,363-103-785-522,25,1280,720,train,id10408
c3NNibFk058,374,960,262-51-533-403,25,1280,720,train,id10720
q3ovS5gis-c,3810,4148,391-62-725-459,25,1280,720,train,id10196
KDyuviEzSAE,2053,2289,330-40-652-421,25,1280,720,train,id11150
iUUpvrP-gzQ,8410,8565,608-42-945-518,25,1280,720,train,id10977
_P2lfeCH9hE,1987,2162,417-99-833-585,25,1280,720,train,id10971
zWig265SViA,1074,1185,451-26-803-433,25,1280,720,train,id10631
c3NNibFk058,5946,6039,305-38-630-389,25,1280,720,train,id10720
Osso1NQlyAw,594,767,656-116-985-483,25,1280,720,train,id10783
u1mn2JPayaA,21795,22051,10-0-978-790,25,1280,720,train,id10870
3fWgwa6UlHM,939,1050,233-51-533-477,25,1280,720,train,id10785
vkNHQZlIcV8,4623,4746,495-75-860-386,25,1280,720,train,id10198
BlCIXP4JePA,3519,3747,754-35-1067-413,25,1280,720,train,id10807
dXAgeC29uVY,5632,5808,646-64-898-381,25,1280,720,train,id10689
q-J2_kz7Tys,1839,2008,691-26-1042-505,25,1280,720,train,id10193
sM6t2znWSo0,8257,8403,193-39-437-363,25,640,360,train,id10321
_jP_Fl6g44A,2550,2946,408-36-774-485,25,1280,720,train,id10311
skt7RVs2Exo,4287,4465,288-74-656-545,25,1280,720,train,id10104
v59mVVRg-f4,7839,7971,450-40-821-601,25,1280,720,train,id11182
QPHNXybdpdM,640,764,456-36-850-481,25,1280,720,train,id10125
9ADlYZ1Gs6U,2698,2890,564-143-829-484,25,1280,720,train,id11067
c8LjgwDQAkw,3119,3229,266-98-549-426,25,1280,720,train,id10255
PUq4vumsEAE,842,945,584-33-1036-636,25,1280,720,train,id10187
36Tl_kEfuWQ,3049,3193,79-13-350-359,25,480,360,train,id10972
Osso1NQlyAw,1544,1805,693-98-1041-471,25,1280,720,train,id10783
VJ__L3391hU,4117,4257,673-86-918-402,25,1280,720,train,id11179
OxsvClqjWbo,10069,10220,446-70-760-381,25,1280,720,train,id10623
_9x1vLInPc0,939,1230,319-40-829-644,25,1280,720,train,id11179
6WO410QOeuo,3692,3882,330-116-631-462,25,1280,720,train,id10002
AktZd6FH5Yc,2781,2874,446-46-778-459,25,1280,720,train,id10377
ozFauToZMB0,15549,15667,443-67-824-600,25,1280,720,train,id10690
e64p0tyTJWc,6182,6363,663-47-987-373,25,1280,720,train,id10570
CzidftOsE5c,57808,58002,548-27-821-369,25,1280,720,train,id10907
zl1Jh2Jmrng,5803,5906,491-39-818-494,25,1280,720,train,id10570
GWPlmKDW8L4,35,138,611-67-885-434,25,1280,720,train,id10228
nIZxVTu_1W8,13781,13965,367-108-784-509,25,1280,720,train,id11183
dXAgeC29uVY,7435,7539,647-72-873-386,25,1280,720,train,id10689
M0acERfJwgw,4189,4271,696-62-1140-440,25,1280,720,train,id10561
t3iD42Kz8L0,606,1106,404-26-789-530,25,1280,720,train,id10776
NY8rvshKUzU,229,476,409-73-889-531,25,1280,720,train,id10011
ed_fH0Jddr0,425,990,603-50-908-393,25,1280,720,train,id10603
99m0jy6_ZTg,575,674,198-44-660-588,25,1280,720,train,id11182
LkHOpz6Yo1o,7112,7258,595-27-1104-671,25,1280,720,train,id10845
jZK-29B50g0,1155,1327,483-93-866-526,25,1280,720,train,id11148
FvnswH6bb3Y,7040,7209,741-92-969-411,25,1280,720,train,id11241
z8vUUJW-3nY,6296,6389,729-85-1143-426,25,1280,720,train,id10256
VJ__L3391hU,8906,9105,682-69-1039-497,25,1280,720,train,id11179
GC_0DaJtDMo,1773,1899,269-234-526-557,25,1280,720,train,id10841
Y5JA85Feaac,2933,3063,396-34-886-661,25,1280,720,train,id10159
u1mn2JPayaA,3835,4045,208-0-1054-641,25,1280,720,train,id10870
GVykM-4pRu0,865,1006,701-83-1000-494,25,1280,720,train,id11086
j2gXhmjf-q0,1664,1807,745-38-1056-428,25,1280,720,train,id10140
d7zbIrJCiA8,4586,4770,468-42-788-462,25,1280,720,train,id10593
0RsOMTn-DSM,3378,3660,219-0-538-422,25,1280,720,train,id10845
FU_zqBIITDM,14454,14766,352-21-775-618,25,960,720,train,id10220
QOkW-8a89eU,4719,4872,413-2-801-501,25,1280,720,train,id10261
_J7sSmwDF0o,1506,1751,241-12-549-406,25,1280,720,train,id10634
21_H0W0iuaU,1523,1664,289-55-684-619,25,1280,720,train,id10940
CNA06a6vYUo,5285,5419,738-92-1020-462,25,1280,720,train,id11248
J6CHUZCZhFc,2919,2983,457-0-821-580,25,1280,720,train,id10786
eipT9BRvqYE,3233,3421,269-39-755-700,25,1280,720,train,id11245
y2BnB5a_Sfw,831,901,328-144-693-501,25,1280,720,train,id10315
PqtgGI6yrSg,4560,4647,452-13-914-520,25,1280,720,train,id10602
ZXe5NmXPt0o,1399,1510,142-160-532-581,25,1280,720,train,id10376
dePmiDpodMA,3833,4046,375-47-656-488,25,1280,720,train,id10843
GFODBoFl3hE,2803,3245,810-71-1162-432,25,1280,720,train,id10158
RlXVj2MlnnE,7232,7344,234-54-542-343,25,1280,720,train,id10145
pZlSo2mEMQc,1662,2042,450-10-789-448,25,1280,720,train,id10905
aS93O-xC-D8,399,562,451-67-792-445,25,1280,720,train,id10932
iUUpvrP-gzQ,3107,3224,536-44-839-527,25,1280,720,train,id10977
Ljgs5PhThzI,5476,5692,687-48-906-362,25,1280,720,train,id10570
GqHSCLv00Xo,1115,1219,676-51-887-363,25,1280,720,train,id10570
PbP-es08avQ,7253,7429,207-33-570-448,25,1280,720,train,id10560
KBoZPittRt4,6865,7020,349-116-673-542,25,1280,720,train,id10757
3M-MKKnBQ4s,4612,4719,745-103-986-423,25,1280,720,train,id11241
dv2VMH0YM10,3328,3523,408-122-814-533,25,1280,720,train,id10158
B4KPQcYg_xc,3448,3532,580-63-864-413,25,1280,540,train,id10814
SJmX3p3J5gU,3131,3347,468-66-840-530,25,1280,720,train,id10689
t3kACr5GzrU,2160,2278,462-41-784-432,25,1280,720,train,id10405
yLp-6vw4UiQ,11996,12153,476-33-812-415,25,1280,720,train,id10633
haw9oLnHmgI,5313,5538,342-127-661-497,25,1280,720,train,id11056
kSomD5naAtI,1723,1888,513-7-920-613,25,1280,720,train,id11086
GVykM-4pRu0,4428,4549,679-67-935-410,25,1280,720,train,id11086
LonVHxJ3hBk,6307,6914,438-0-982-739,25,1280,720,train,id10757
08wOLi1Nwsc,97,514,373-1-968-724,25,1280,720,train,id10125
SD8tdAWYKy0,5811,5923,489-0-921-586,25,1280,720,train,id10970
64OTosuTAWI,6724,7038,245-99-556-493,25,1280,720,train,id10104
ldAbe81ePpE,2694,2819,741-98-973-417,25,1280,720,train,id10190
Q-O0MtBvSgw,2317,2430,814-13-1077-393,25,1280,720,train,id10998
10Oe0XETA0s,479,630,354-122-737-516,25,1280,720,train,id10007
eFZzhwgI50I,9644,9805,722-57-953-391,25,1280,720,train,id10345
FhS2Dli9xgU,642,898,367-40-717-464,25,1280,720,train,id10964
Zma-7JVzUFk,243,464,623-43-928-424,25,1280,720,train,id10600
Xo0b4f0UVEA,3727,3882,413-63-729-404,25,1280,720,train,id10965
OSUGWP3iYns,3977,4248,683-70-1060-411,25,1280,720,train,id10376
fVPaH6_yrmE,7431,7556,520-46-929-472,25,1280,720,train,id10560
t4urXw58k3c,5500,5876,484-112-918-634,25,1280,720,train,id11248
ntw3-zOROlo,2350,2492,477-58-879-574,25,1280,720,train,id10094
pqB7i1lKAko,1467,1602,504-32-856-461,25,1280,720,train,id10818
srMfwQmSUiA,7542,7671,280-0-613-370,25,1280,720,train,id10597
SZaaaWjpZA4,2443,2704,290-70-719-570,25,1280,720,train,id11181
dPuUe_XVELQ,3102,3246,460-0-911-537,25,1280,720,train,id11149
GFODBoFl3hE,521,689,890-86-1230-449,25,1280,720,train,id10158
nXC2Ne90r2M,2586,2690,434-68-710-424,25,1280,720,train,id10318
QdBQTHX55yI,18495,18651,267-0-569-374,25,640,360,train,id11248
7J4N-z-ptUk,2904,3301,495-32-755-390,25,1280,720,train,id11027
EICQVj70ePE,1891,2047,401-49-750-468,25,1280,720,train,id10468
EFfIIkfACx8,17434,17734,274-26-606-439,25,960,720,train,id10996
cFQBQaqngsc,5842,6050,581-99-861-425,25,1280,720,train,id10603
FgnnQTkhVXE,28462,28812,355-92-764-536,25,1280,720,train,id10376
CWtlsidCW0w,3665,3766,529-116-873-492,25,1280,720,train,id10786
QdBQTHX55yI,2332,2549,237-0-567-390,25,640,360,train,id11248
qEdiMcEXd4w,944,1064,264-110-539-447,25,1280,720,train,id10778
KRl63VM2jE0,233,332,676-105-976-478,25,1280,720,train,id10136
nCwwVjPNloY,1014,1126,348-83-675-439,25,1280,720,train,id10012
LT-BNQKA9NU,1822,1964,447-14-851-454,25,1280,720,train,id10345
nPHpd1JQnzU,431,544,640-113-955-450,25,1280,720,train,id10561
9gJstEFi4dk,3285,3424,554-9-1053-644,25,1280,720,train,id10563
s8hICHCU8Co,2140,2257,267-45-576-414,25,1280,720,train,id10140
x8UcNlFaqiE,3647,3761,704-100-958-422,25,1280,720,train,id10820
rN7n45Ueu60,2107,2225,533-106-777-439,25,1280,720,train,id10406
ufRCmNHM0eM,5049,5155,280-120-544-437,25,1280,720,train,id10071
q7B6AX61lT0,2474,2793,652-44-1003-496,25,1280,720,train,id11211
mM1JHNC3KdQ,2929,3930,736-59-1098-483,25,1280,720,train,id10378
e3CUMakFjgo,2229,2407,418-78-684-448,25,1280,720,train,id10597
_8tcc9wxDE4,891,989,478-69-968-538,25,1280,720,train,id10909
dor0pAyHEJc,266,501,170-56-544-500,25,960,720,train,id10222
0lpdINUKL5g,3427,3533,659-0-1099-576,25,1280,720,train,id10258
oL2J19duVLE,5745,6017,397-41-764-481,25,1280,720,train,id10904
5fcfPAAUnxg,2408,2521,519-123-787-480,25,1280,720,train,id10940
wXy9VWCxojk,1156,1351,649-138-933-452,25,1280,720,train,id10940
5JTgeBLrkUc,4293,4507,574-21-855-431,25,1280,720,train,id10501
eO9q8ICWapk,6423,6568,289-36-590-406,25,1280,720,train,id10569
9JqVIjqSaAU,908,1015,511-53-889-419,25,1280,720,train,id10807
KLxaj10SP1E,10359,10441,629-98-1036-479,25,1280,720,train,id10560
BG2NZl6gzjk,4201,4336,349-101-731-503,25,1280,720,train,id10635
8_fIhKj5qqI,4070,4261,491-48-857-424,25,1280,720,train,id10097
FApgvWl0dvs,2088,2424,445-8-967-653,25,1280,720,train,id11086
BlCIXP4JePA,677,1004,755-51-1041-437,25,1280,720,train,id10807
CAlQevs2BdY,2889,2997,530-78-829-470,25,1280,720,train,id10561
ZaWQnpToL8s,12582,12847,423-84-794-478,25,1280,720,train,id11210
LVEATzLzZ9U,2134,2244,284-92-558-422,25,1280,720,train,id11028
4sR_yegf4O4,5748,6029,405-132-758-573,25,1280,720,train,id10033
fVPaH6_yrmE,3508,3672,457-34-870-492,25,1280,720,train,id10560
ZCBtfWymPtQ,1009,1689,293-18-814-635,25,1280,720,train,id10606
zl1Jh2Jmrng,1860,2151,406-30-798-508,25,1280,720,train,id10570
DxNk7tLkPbM,1086,1286,207-58-538-424,25,1280,720,train,id10931
cP3-7vgTpuE,867,970,143-96-555-457,25,1280,720,train,id10934
gZIFlHQmL_8,8080,8163,500-101-938-526,25,1280,720,train,id10405
GBCgYlOv1ug,25903,26014,226-0-533-329,25,640,360,train,id10720
bl5E-mxDy9k,5922,6043,422-114-680-459,25,1280,720,train,id11186
L0civBljdW8,3010,3205,559-52-924-490,25,1280,720,train,id10994
MPZgVXkmqug,5671,5788,780-75-1010-431,25,1280,720,train,id10973
5JTgeBLrkUc,3466,3538,586-55-864-459,25,1280,720,train,id10501
Uud38zrOMRI,2416,2687,440-27-750-409,25,1280,720,train,id11088
X33K8VVfD6g,866,1015,326-113-741-569,25,1280,720,train,id10219
r4IZRsEGDFs,12354,12506,584-104-977-609,25,1280,720,train,id10008
Jamhv-uq4JI,5273,5357,401-55-738-470,25,1280,720,train,id10135
l6k-pbyr11w,2541,2906,228-13-537-425,25,1280,720,train,id10094
jFXfXjg1KYk,15724,15905,229-50-492-395,25,1280,720,train,id10064
XWxBbh3gt8w,3378,3527,279-75-545-464,25,1280,720,train,id10251
OKD0fCVC8PU,6830,6939,558-121-897-525,25,1280,720,train,id10103
pdLpwxLCcHo,739,866,541-46-957-566,25,1280,720,train,id10376
Ogw1EgEdV9g,4510,4639,313-26-736-485,25,1280,720,train,id10220
oUkCEE1vWOw,2552,2674,628-69-878-408,25,1280,720,train,id10314
AR88nyU4ZXc,2869,3140,531-79-856-393,25,1280,720,train,id10198
IXWYUggFN7w,2743,2860,648-64-936-449,25,1280,720,train,id10501
ETDT0kqfjfA,32386,32828,344-0-1084-748,25,1280,720,train,id10935
1hEr7qKRKL4,13677,13829,396-42-828-611,25,1280,720,train,id10193
wSJV1G7J6wQ,5319,5488,465-72-794-415,25,1280,720,train,id11211
KLxaj10SP1E,9629,9710,573-78-980-452,25,1280,720,train,id10560
nF1N38yzum8,3180,3325,328-0-878-614,25,1280,720,train,id10722
f2AW_6VUBD8,1851,2067,359-72-687-438,25,1280,720,train,id10344
nF24FJjgd2A,1731,1977,766-10-1032-345,25,1280,720,train,id10032
2LGgfetILHU,648,884,484-25-778-447,25,1280,720,train,id10823
i4nAcLHecSM,7194,7301,606-73-993-481,25,1280,720,train,id11002
CrUpSXxGEXs,7285,7501,468-66-796-436,25,1280,720,train,id10097
_r0ver5yD5g,4160,4306,339-33-648-440,25,1280,696,train,id10197
dZDFZaR4CeU,2122,2250,698-20-930-345,25,1280,720,train,id10591
0LHgv5cpRIw,12456,12657,303-102-601-486,25,1280,720,train,id10722
oHlsoMOOD1U,915,1273,205-80-581-463,25,1280,720,train,id10904
2qctGWGchvc,9348,9528,280-76-604-415,25,1280,720,train,id10976
YffYxcL0PQk,1084,1254,526-70-874-472,25,1280,720,train,id10655
Oa-gvLYpOec,512,671,282-54-595-407,25,1280,720,train,id10466
pkhdeXa-qEo,5232,5428,711-36-1025-459,25,1280,720,train,id10940
PXX5bOyBHhs,1173,1276,412-112-697-430,25,1280,720,train,id10721
4ngJFREfZVI,4490,4662,608-8-1125-585,25,1280,720,train,id10568
Yocizg57t48,3261,3480,519-68-849-495,25,1280,720,train,id10601
X6jAdwM_PVg,4267,4370,171-52-473-409,25,1280,720,train,id11180
LwcwxNVZln4,1801,2016,521-100-767-409,25,1280,720,train,id10780
DA6xmL2Z4RU,9158,9500,428-33-802-412,25,1280,720,train,id10466
J9Sv-PKHRPM,3249,3379,466-84-803-436,25,1280,720,train,id10632
E1xHSc40Kuw,8868,9028,46-13-306-326,25,480,360,train,id10935
ZbtjVTtdE2g,5308,5514,539-115-765-431,25,1280,720,train,id10195
A3IfNNgTkuY,638,704,345-100-711-491,25,1280,720,train,id10959
5dRqoNYcF_M,493,632,417-18-847-605,25,1280,720,train,id11064
cko-C7IDzQc,3478,3620,568-130-814-443,25,1280,720,train,id11028
F3ImL38hLl0,2589,2903,539-81-938-544,25,1280,720,train,id10839
PMk0szsm0dE,2805,2890,442-66-823-454,25,1280,720,train,id11247
3HtCjGNERKQ,6511,6914,484-35-875-455,25,1280,720,train,id10158
B5jqlhXWkOo,11664,11808,588-125-895-450,25,1280,720,train,id10095
3L6N6Mr6ZqI,4824,4944,549-61-829-397,25,1280,720,train,id11151
ETDT0kqfjfA,52259,52439,335-0-908-758,25,1280,720,train,id10935
w8ZtLL4aFOo,3521,3662,371-73-705-476,25,1280,720,train,id10601
cLiakfauAfI,599,700,350-53-888-757,25,1280,720,train,id11028
HntureQsfB8,2599,2798,643-39-963-395,25,1280,720,train,id10817
PSJylEfuOrE,2624,2737,602-86-853-441,25,1280,720,train,id10823
x2m6UT2PEv0,13788,14198,505-71-756-386,25,1280,720,train,id11088
XVoRDzwHwDU,2927,3280,296-45-608-451,25,1280,720,train,id10724
F8kg0LEuKCE,6195,6380,198-78-414-414,25,1280,720,train,id11246
9N4bEPOesoQ,2684,2928,512-44-876-556,25,1280,720,train,id10781
aMydr4eQcz8,2772,2875,354-65-663-405,25,1280,720,train,id10070
MPZgVXkmqug,6711,7073,804-65-1043-434,25,1280,720,train,id10973
GuIscTp-WVM,1590,1710,803-93-1048-424,25,1280,720,train,id11241
RvsbxmZ-eLg,827,1003,337-106-613-465,25,1280,720,train,id10257
z4a-lKZ3-f4,11065,11213,416-60-873-701,25,1280,720,train,id10967
7w0gS5V3yRc,1226,1488,346-6-885-590,25,1280,720,train,id10683
s3ZWWI1GJZ8,20972,21105,373-75-789-609,25,1280,720,train,id10038
snEFgMJJ7wA,6701,6807,149-0-424-314,25,640,360,train,id10722
hyUfye8vNI8,3308,3636,487-57-843-416,25,1280,720,train,id10655
S-Jw1A7w3uU,4897,5252,317-52-864-656,25,1280,720,train,id10813
qKptq7wigmY,1893,1996,450-62-953-587,25,1280,720,train,id10627
i4nAcLHecSM,1568,1706,688-26-1095-525,25,1280,720,train,id11002
2HoB8Hd1UEU,152,477,287-41-800-675,25,1280,720,train,id10757
1iOMOrqGesE,1917,2131,458-43-745-396,25,1280,720,train,id11245
v6LGodWDl24,1382,1503,212-0-469-307,25,480,272,train,id11087
432AcmGufsE,3774,4200,343-41-896-717,25,1280,720,train,id10846
lAz0Cby3soY,2498,2830,797-78-1120-382,25,1280,720,train,id10603
Q0CtElsH1AU,3752,3835,410-132-825-600,25,1280,720,train,id10938
8KU6g7NB-L0,6185,6407,690-0-973-358,25,1280,720,train,id11244
aiRUhoRrA-M,5376,5489,250-109-528-506,25,1280,720,train,id10720
TmFZuJJhtlM,4860,5042,319-29-674-486,25,1280,720,train,id10718
9WxKKrQHkdY,6326,6454,346-17-585-358,25,1280,720,train,id10756
a3cI12ZNVms,2765,2960,417-76-796-498,25,1280,720,train,id10013
xcTMbEHfB34,2309,2448,416-24-802-451,25,1280,720,train,id10223
cKppgNesTSg,3913,4247,738-46-1065-439,25,1280,720,train,id10905
Tm_lH_mQNmw,4354,4533,329-68-574-406,25,1280,720,train,id10689
YXXrbu2zdG0,9858,10034,128-0-477-345,25,640,360,train,id10560
nF24FJjgd2A,3058,3405,771-28-1037-356,25,1280,720,train,id10032
mJo37SEoITU,605,859,409-79-780-482,25,1280,720,train,id10097
npjq-XmQUrQ,984,1148,477-0-1141-689,25,1280,720,train,id10623
LW9VvMUtj5k,3705,3828,788-86-1016-422,25,1280,720,train,id10653
G8OqSglsP68,20360,20494,475-55-823-552,25,1280,720,train,id11123
ugLQaIVIxIw,2997,3154,551-74-841-395,25,1280,720,train,id10012
gZIFlHQmL_8,7415,7657,516-115-915-562,25,1280,720,train,id10405
RY_BazhnU44,13388,13526,639-84-891-439,25,1136,720,train,id11025
ke3MIAhbK-I,2352,2527,501-0-896-612,25,1280,720,train,id10843
nqytzgB6BYA,16179,16339,792-22-1115-354,25,1280,720,train,id10786
6DOt-Y6b0TA,22178,22434,483-28-794-435,25,1280,720,train,id11148
r98AOB6G9bo,1787,1910,529-48-864-477,25,1280,720,train,id10219
2_DRi3kv8GU,5545,5714,465-27-783-524,25,1280,720,train,id10931
u1mn2JPayaA,27847,28005,341-0-584-321,25,1280,720,train,id10870
GJK5UH-knVI,718,837,396-72-755-549,25,1280,720,train,id10255
eL9vit9ZOmE,20,132,438-56-721-442,25,1280,720,train,id10125
UKaS3SMhq0E,3148,3336,541-34-868-417,25,1280,720,train,id10190
J6CHUZCZhFc,3669,3829,484-0-894-629,25,1280,720,train,id10786
tMP5U3jYNkg,3459,3588,547-54-895-375,25,1280,720,train,id10905
kJ87LdPguuM,2099,2199,541-76-838-404,25,1280,720,train,id10162
pSKnOmtVsOk,307,502,766-78-1068-443,25,1280,720,train,id10973
Ilxs5bnc1U4,18,305,561-13-960-559,25,1280,720,train,id10224
z_Q4arrxGcY,1132,1296,418-22-730-426,25,1280,720,train,id10841
3xOseyV7srA,2820,3482,376-51-666-460,25,1280,720,train,id10756
7J4N-z-ptUk,3947,4088,499-28-737-365,25,1280,720,train,id11027
wiAQUGzfcU8,2659,2833,425-61-795-569,25,1280,720,train,id10160
dhLZtMroa-Q,3010,3171,502-92-796-471,25,1280,720,train,id10192
a_jKAmb-RzI,4194,4421,513-30-932-515,25,1280,720,train,id10652
FnnoLeOEHuk,1552,1659,557-81-897-371,25,1280,720,train,id10621
grDz6ftmBJ0,1386,1528,443-95-744-453,25,1280,720,train,id10261
TYmqh8SUO6w,3335,3457,389-34-670-399,25,1280,720,train,id10191
PLny_HymGII,4808,5210,767-37-1081-379,25,1280,720,train,id11183
evLtLnK_myA,2160,2394,312-83-743-626,25,1280,720,train,id11181
pjujsLOG_UU,3780,3908,197-27-429-335,25,1280,720,train,id10845
RbDos3-ASX4,1797,2044,745-80-1021-468,25,1280,720,train,id10970
bDzNAlq_PXY,4575,4654,542-39-858-328,25,1280,720,train,id10875
G9BNoF7zB1Q,1219,1368,300-41-678-521,25,1280,720,train,id10779
0JCaspBzgN4,2403,2673,305-67-575-396,25,1280,720,train,id10787
zWE8NG5oSOA,2467,2993,656-60-992-515,25,1280,720,train,id11211
vfjbbp1sQ9o,5148,5320,603-112-966-565,25,1280,720,train,id10983
PBou1uIhLYs,9871,9980,378-54-713-512,25,1280,720,train,id10219
J4ryDf7bv6A,6899,7026,419-74-705-445,25,1280,720,train,id10543
HOe4GEQzPfk,1396,1551,585-0-1016-583,25,1280,720,train,id10435
ROJv3_AW6QE,798,924,356-23-674-529,25,1280,720,train,id10220
Xo8b6wyV_2U,2064,3088,86-0-422-341,25,640,360,train,id10220
Cu1Gugj18Vg,14223,14481,438-95-750-463,25,1280,720,train,id10040
S-OUAf6Bg0M,6313,6498,663-90-1035-496,25,1280,720,train,id10564
OX91K9cIsGY,13819,14026,96-0-405-307,25,640,360,train,id11184
dhLZtMroa-Q,638,765,472-0-875-505,25,1280,720,train,id10192
LT16_SZUEUA,5051,5195,416-0-949-799,25,1280,720,train,id11024
6P65iy8hZZg,1665,1798,534-59-825-370,25,1280,720,train,id10901
ecEijz-trCA,4238,4446,724-32-1036-387,25,1280,720,train,id10844
SzlEc25rcR0,1764,2085,427-64-744-495,25,1280,720,train,id10747
QOkW-8a89eU,1016,1174,419-3-838-509,25,1280,720,train,id10261
ETDT0kqfjfA,3387,3654,397-0-1062-810,25,1280,720,train,id10935
NcCQbJarvMM,2516,2660,437-52-761-424,25,1280,720,train,id10815
o-1VvanDau4,7235,7360,713-104-944-415,25,1280,720,train,id10254
D18oDGK8klQ,4323,4449,433-11-823-395,25,1280,720,train,id10218
CzQPAaPrC-E,16254,16525,407-41-844-528,25,1280,720,train,id10007
kjwinO0QQ-s,7460,7578,348-49-604-422,25,1280,720,train,id10319
pN5tCEAVJlY,2117,2280,426-71-921-620,25,1280,720,train,id11059
lWTwjQnsVV4,2888,2999,554-22-930-531,25,1280,608,train,id10655
qyRPFNiPvJs,3268,3359,720-22-1043-371,25,1280,720,train,id10406
y3zf_LF20cU,3483,3607,561-129-882-539,25,1280,720,train,id10095
j55kMdoLwe0,12957,13063,587-30-894-389,25,1280,720,train,id10933
0OhQQseudCs,2633,2740,396-84-661-438,25,1280,720,train,id10624
w3AMqoo5dUM,3096,3243,738-93-1051-444,25,1280,720,train,id10814
9CCStXTR3OY,3582,4071,209-47-459-386,25,1280,720,train,id10345
w02jeR_pJZ0,5058,5184,654-0-1080-569,25,1280,720,train,id10096
OIMjmaeRaBw,2756,3108,348-57-654-389,25,1280,720,train,id10976
PBou1uIhLYs,7494,7618,443-77-730-438,25,1280,720,train,id10219
U_Feh7rjSck,4336,4435,372-46-812-641,25,1280,720,train,id10966
B41A_2GqRmk,688,863,455-38-700-347,25,1280,720,train,id10127
z4NIHgVOCiY,6610,6876,490-57-813-444,25,1280,720,train,id10630
ZpaTMxc-S-c,1603,1749,374-56-705-452,25,1280,720,train,id10626
Z5Fky9T8L-0,2733,2960,378-69-720-489,25,1280,720,train,id10634
dZDFZaR4CeU,3823,3925,675-21-913-336,25,1280,720,train,id10591
cb0lEKKnDC8,728,996,66-53-355-455,25,406,720,train,id10781
oL2J19duVLE,4467,4597,399-65-724-489,25,1280,720,train,id10904
NeUuWO8UleE,3038,3175,587-58-837-383,25,1280,720,train,id11183
9Qpc5rqO6gU,2482,2788,714-18-1098-341,25,1280,720,train,id10720
dEz_dKbqedk,4265,4418,425-48-769-409,25,1280,720,train,id10817
KsgI4goBBTw,189,301,355-0-559-322,25,634,360,train,id10973
Nn016LX4nUE,2124,2378,377-6-787-477,25,1280,720,train,id10468
9TXJ81zgpOE,3495,3571,434-39-762-392,25,1280,720,train,id11210
5Asu7EWQ5d8,7399,7647,256-99-556-449,25,1280,720,train,id10629
FnLWanCixkE,3634,3719,396-99-856-643,25,1280,720,train,id10565
9Bcf08h17kQ,1581,1687,547-104-892-517,25,1280,720,train,id10962
TlfQmz8iZbg,202,565,306-75-716-566,25,1280,720,train,id11181
Z_-9cRE88kE,1869,1975,530-38-1104-632,25,1280,720,train,id10606
27Wyzt8JJL4,2558,2629,480-33-745-370,25,1280,720,train,id10787
MfJgbgpNIJc,1026,1110,402-89-654-485,25,1280,720,train,id10127
Z5Fky9T8L-0,3431,3567,356-21-777-484,25,1280,720,train,id10634
lNnZ52QSws4,5567,5784,661-68-1039-642,25,1280,720,train,id10687
0RtLNiFVPL0,1723,1909,448-57-877-573,25,1280,720,train,id10632
ETDT0kqfjfA,21303,21586,473-0-991-686,25,1280,720,train,id10935
e3CUMakFjgo,5013,5579,421-0-791-470,25,1280,720,train,id10597
oQ7glN_emO4,2240,2463,293-50-693-572,25,1280,720,train,id10689
iFjHb85iGJY,9521,9636,603-0-888-364,25,1280,720,train,id10104
P4_gD2YroBM,107,419,373-54-691-487,25,1280,720,train,id10231
GLUpd0WG8Kg,5924,6093,498-52-794-415,25,1280,720,train,id10808
iEdeWdZYkdA,7164,7270,543-41-929-513,25,1280,720,train,id10822
itQzkwHEA6A,386,526,454-57-867-483,25,1280,720,train,id10689
vwXTZJ5wT-w,2585,2849,505-110-786-432,25,1280,720,train,id10065
CJ1wW4h9ZGM,4152,4373,624-92-1037-639,25,1280,720,train,id10037
t9mtPhZEJoQ,9768,10011,639-54-1000-501,25,1280,720,train,id11211
Zz70hjm--LU,1646,1756,734-81-1008-416,25,1280,720,train,id11241
O3I8FSil9ZM,4308,4417,442-59-780-384,25,1280,720,train,id10529
sRK36oyidyc,7977,8099,277-51-540-425,25,1280,720,train,id10064
GZnnXtImnGA,3729,3817,393-76-765-484,25,1280,720,train,id10010
dgte0XMCp7Y,6654,6845,509-40-819-350,25,1280,720,train,id10840
O77p-6-AqP4,69708,69812,560-39-780-348,25,1280,720,train,id11211
lWf9N7yY1a0,602,787,388-87-642-449,25,1280,720,train,id11024
KRl63VM2jE0,4820,4920,692-110-974-473,25,1280,720,train,id10136
t9mtPhZEJoQ,14440,14742,608-51-1005-500,25,1280,720,train,id11211
JS0-FmBrvLw,2728,2895,517-91-804-447,25,1280,720,train,id10962
Q-O0MtBvSgw,4259,4439,769-49-1071-407,25,1280,720,train,id10998
apDg32BG4RI,13651,13909,280-27-571-342,25,624,352,train,id10254
zV7t6tVzMMY,6443,6615,718-162-980-482,25,1280,720,train,id10313
3MwyuwaVE50,1507,1732,858-37-1094-357,25,1280,720,train,id10006
R8SJg-rcjKI,3892,4071,380-132-746-609,25,1280,720,train,id10011
ZpaTMxc-S-c,2218,2389,352-60-733-478,25,1280,720,train,id10626
ndv_8MsOjHA,6527,6603,203-35-544-385,25,1280,720,train,id10597
bl5E-mxDy9k,5051,5303,398-105-723-475,25,1280,720,train,id11186
O77p-6-AqP4,4571,4809,542-38-767-349,25,1280,720,train,id11211
cH0DPcvYdKU,30436,30642,420-139-921-585,25,1280,720,train,id10976
25JZsQXJqm8,655,904,671-51-1074-475,25,1280,720,train,id10931
oHlsoMOOD1U,4214,4324,253-81-617-481,25,1280,720,train,id10904
HQCxuj-_IEI,868,974,235-119-641-546,25,1280,720,train,id10974
1hEvqYi9kkk,2280,2530,393-0-911-664,25,1280,720,train,id10411
LWet2zhWjBg,8422,8562,401-36-785-541,25,1280,720,train,id10067
CzidftOsE5c,31762,32099,596-18-846-335,25,1280,720,train,id10907
Ef97sS2evek,2508,2777,643-82-934-473,25,1280,720,train,id10598
9w4Pg050urw,3774,3999,342-84-587-451,25,1280,720,train,id10158
D5RZyExnz8g,2802,2973,495-25-760-357,25,1280,720,train,id10008
WG0WzFM5IMs,8285,8434,501-45-830-460,25,1280,720,train,id10747
APrftfxDVTM,3560,3920,467-67-902-529,25,1280,720,train,id10934
pN5tCEAVJlY,1453,1597,429-0-839-563,25,1280,720,train,id11059
HxfxcxUXPDA,3332,3599,388-46-756-388,25,1280,720,train,id10007
bK2e84bLruQ,5307,5534,547-54-976-566,25,1280,720,train,id10140
I11CVJi5IXg,1953,2129,304-48-624-407,25,1280,720,train,id10997
NoHJSQ7_2OY,2049,2156,255-54-706-506,25,1280,720,train,id11123
Osso1NQlyAw,1805,1921,741-126-1051-451,25,1280,720,train,id10783
45HMy-p0GP8,12066,12169,607-61-952-467,25,1280,720,train,id11118
Oa-gvLYpOec,11818,11918,325-57-588-439,25,1280,720,train,id10466
Fk3e9D2ur4U,72,226,369-29-724-609,25,1280,720,train,id11066
3M-MKKnBQ4s,7002,7139,780-82-999-404,25,1280,720,train,id11241
S-xXejEsI8Q,1607,1760,521-78-795-425,25,1280,720,train,id10259
vwVOmAb7eCQ,819,978,564-68-916-527,25,1280,720,train,id10817
p_aWV6K4XY8,2083,2212,397-0-861-556,25,1280,720,train,id10567
IZAQHM-ZHHI,1722,2142,421-77-660-385,25,1280,720,train,id10757
LWet2zhWjBg,9482,9593,465-31-729-412,25,1280,720,train,id10067
Dh4ud8GDlsQ,10400,10519,260-27-612-503,25,1164,720,train,id10313
d7YYXXS0iFg,2871,3114,638-71-877-379,25,1280,720,train,id10931
QJAQhmWJ9ZU,4440,4670,96-0-344-348,25,480,360,train,id10313
z4NIHgVOCiY,1430,1649,499-110-792-500,25,1280,720,train,id10630
1URw_ZRIHvY,108,345,397-51-664-431,25,1280,720,train,id10502
cH0DPcvYdKU,8419,8524,173-97-665-605,25,1280,720,train,id10976
bWsE6fHRyFE,3665,4019,468-48-907-647,25,1280,720,train,id11028
g3SlFv2ui8A,6240,6466,537-95-919-520,25,1280,720,train,id10011
P_Z5IEJRk4Y,6671,6874,430-56-842-517,25,1280,720,train,id11059
lVQGcW_y3sQ,15905,16125,516-54-818-372,25,1280,720,train,id11211
wEO3blmXr6E,6761,7349,736-52-1067-423,25,1280,720,train,id10561
RY_BazhnU44,13740,13846,655-92-943-453,25,1136,720,train,id11025
x5zxWJk6JZg,197,489,490-84-798-492,25,1280,720,train,id10311
4AFIHtea8Co,374,483,484-54-867-566,25,1280,720,train,id10218
n7HMOkYw-PM,5459,5742,176-0-906-813,25,1280,720,train,id10344
5EPGnVCEwEA,529,692,565-43-904-471,25,1280,720,train,id10344
k7KHJHQDxDA,7165,7320,529-57-861-502,25,1280,720,train,id10593
2JBRgkR7qfg,1761,1994,781-77-1065-404,25,1280,720,train,id10785
qq5QgXy1-80,2225,2446,207-0-500-376,25,640,360,train,id10755
J9lHsKG98U8,2906,3008,164-39-401-351,25,1280,720,train,id10001
4rf5HTbX9jg,530,652,12-0-601-522,25,1280,720,train,id11029
pKu03mxA25k,4483,4765,580-81-982-609,25,1280,720,train,id10622
Q42dTZ9I1CA,644,788,153-0-744-704,25,1280,720,train,id10754
XAYEGgU27jQ,4071,4137,678-56-1010-412,25,1280,720,train,id10144
oL2J19duVLE,2743,3316,384-55-790-514,25,1280,720,train,id10904
K0UVl6K5FxY,2956,3164,287-80-767-607,25,1280,720,train,id11181
A4LOMg_trGI,25896,26063,137-0-463-296,25,640,360,train,id10683
S-OUAf6Bg0M,2543,2644,657-130-918-515,25,1280,720,train,id10564
iv4LI2Q5AEg,3047,3172,378-61-703-518,25,1280,720,train,id10747
7bU_mCKhl6A,4360,4503,539-53-825-399,25,1280,720,train,id10723
YEDm4QCiePQ,809,936,293-87-603-422,25,960,720,train,id10227
P1efiQwgDiI,729,872,502-52-786-370,25,1280,720,train,id10410
GkALww0NKTc,5151,5280,413-0-882-589,25,1280,720,train,id10750
XjEV4dc4GNU,15984,16363,278-20-530-336,25,640,360,train,id11056
nimPtuDbvo0,6066,6228,826-102-1095-412,25,1280,720,train,id10904
Ngmd5dadQkc,5285,5434,534-54-911-562,25,1280,720,train,id10654
F9pQ-D6VkVM,347,550,513-33-983-562,25,1280,720,train,id10937
iy8TtnhkE4o,879,1214,613-46-1055-487,25,1280,720,train,id10256
LiuMxzOZ374,2924,3040,320-10-983-753,25,1280,720,train,id10683
LXCX-_P-Icc,7852,8052,456-29-885-532,25,1280,720,train,id10786
M5lYNe7y2QY,11511,11669,497-97-840-503,25,1280,720,train,id10072
q62TMalL88Y,175,399,526-35-880-492,25,1280,720,train,id11118
Ilxs5bnc1U4,324,686,517-29-967-553,25,1280,720,train,id10224
Tw8MDjbmh2M,3106,3211,361-0-954-626,25,1280,720,train,id10136
kP8b8vhasi8,710,854,348-79-641-420,25,960,720,train,id10227
O77p-6-AqP4,18929,19133,544-59-838-368,25,1280,720,train,id11211
Q3538Jjxkvw,7059,7159,310-147-572-467,25,1280,720,train,id10071
pN5tCEAVJlY,1338,1445,412-0-854-570,25,1280,720,train,id11059
G8OqSglsP68,13714,13847,533-116-912-567,25,1280,720,train,id11123
ZH78TZPMxoI,5408,5541,367-0-955-783,25,1280,720,train,id10842
VBVZKMrcmx8,8359,8490,370-52-757-444,25,1280,720,train,id10097
nPHpd1JQnzU,2964,3078,689-126-935-463,25,1280,720,train,id10561
oiTK8ntPH_0,376,505,739-80-974-397,25,1280,720,train,id11028
01En9rUo_Co,1940,2068,545-108-891-495,25,1280,720,train,id10011
3GwaTALapW4,5497,5624,750-80-1008-453,25,1280,720,train,id10144
2x2QzpqIVGM,2954,3061,537-138-777-457,25,1280,720,train,id10197
XsiRQ8XiWOk,1973,2291,365-67-769-571,25,1280,720,train,id11181
WdkeFAVKajk,48,399,274-28-683-528,25,1280,720,train,id11123
qyRPFNiPvJs,1012,1164,706-22-962-377,25,1280,720,train,id10406
7T8jVHliD7o,2813,3250,575-0-1111-522,25,1280,572,train,id10260
6zB_rRyLii4,5745,5999,670-43-1007-355,25,1280,720,train,id10570
bIZQaEVuATQ,1663,1846,412-67-748-390,25,1280,720,train,id10004
W0DjhFMSvK8,472,660,276-22-598-396,25,1280,720,train,id10975
NJHSO_9Eh_g,1986,2205,118-0-428-377,25,480,360,train,id10375
YA2VwZ-hFSc,5468,5609,498-91-736-409,25,1094,720,train,id10939
D8N1aTvis1o,4768,4847,609-27-927-319,25,1280,720,train,id10013
Q-O0MtBvSgw,125,1025,770-15-1084-407,25,1280,720,train,id10998
VVSc4fe9_6o,15669,15817,655-53-887-404,25,1280,720,train,id10765
GS8Efs8qtLA,4253,4361,766-47-1027-415,25,1280,720,train,id11066
zjuonbHlU2Q,6991,7127,271-78-599-465,25,1280,720,train,id10931
mc5w8XDabxM,790,964,319-68-578-391,25,1280,720,train,id10689
a0YOcRIfvyg,1926,2060,378-7-903-651,25,1280,720,train,id10777
2qpYGAXuxpw,2886,3078,144-84-560-606,25,1280,720,train,id10594
d-SooYXE3Fc,3668,3777,360-4-710-459,25,1280,720,train,id10038
z_Q4arrxGcY,4610,4740,413-23-729-437,25,1280,720,train,id10841
CzidftOsE5c,54112,54218,582-0-866-330,25,1280,720,train,id10907
oJFIShFMnIk,1657,1779,326-61-628-445,25,1280,720,train,id10931
r4IZRsEGDFs,43252,43508,367-42-858-726,25,1280,720,train,id10008
UY78OKD1Ps4,3401,3508,715-85-989-432,25,1280,720,train,id10140
YvRKvdS43t8,2806,2993,335-65-656-448,25,1280,720,train,id10722
aI2OC2sFc0U,8435,8603,495-92-740-402,25,1280,720,train,id11150
Um3PNWIvVNM,5526,5681,472-99-822-479,25,1280,720,train,id11057
WVQYsmh0Vl8,11619,11981,708-45-1008-453,25,1280,720,train,id10818
n7N17DN8wRk,2776,3267,180-50-534-500,25,1280,720,train,id10904
apDg32BG4RI,10487,10635,287-27-567-345,25,624,352,train,id10254
skt7RVs2Exo,3036,3176,560-58-916-522,25,1280,720,train,id10104
C37agsTLvkc,4317,4397,232-68-578-398,25,1280,720,train,id10529
U_Feh7rjSck,5433,5572,426-0-984-614,25,1280,720,train,id10966
cY3-UkuZhJM,5625,5812,509-88-767-422,25,1280,720,train,id10593
mDmeC4XwdKI,1131,1316,493-49-778-365,25,1280,720,train,id10563
x2m6UT2PEv0,9311,9532,537-61-764-387,25,1280,720,train,id11088
aj1WLxcX4bo,1080,1800,402-137-743-526,25,1280,720,train,id10719
DxsRs8NeEIs,8745,9053,228-45-542-403,25,1280,720,train,id11024
Akpd_eQfOn8,9671,9838,270-42-504-388,25,1280,720,train,id10756
0RsOMTn-DSM,4920,5034,221-31-468-388,25,1280,720,train,id10845
r4IZRsEGDFs,23267,23372,375-106-750-646,25,1280,720,train,id10008
dKRkdFGAnu4,757,1604,296-48-780-577,25,1280,720,train,id11181
Pc_rgHideVU,1633,1790,547-19-792-436,25,1280,720,train,id10039
1MFTXg8NrVE,130,277,442-37-667-357,25,1280,720,train,id10781
EFfIIkfACx8,19075,19240,246-56-532-449,25,960,720,train,id10996
4MYvYQk3oLU,42,849,259-52-827-606,25,1280,720,train,id10783
0RsOMTn-DSM,9553,9693,247-24-530-375,25,1280,720,train,id10845
BFuL44m2Qm8,6544,6697,263-37-615-431,25,1280,720,train,id10838
mwkyY26ELfo,5573,5761,556-54-960-550,25,1280,720,train,id10517
Q8PrCvWmrPM,8097,8352,390-64-696-439,25,1280,720,train,id11117
ve6qA-6_Q5g,7823,8055,728-123-1003-489,25,1280,720,train,id10715
8llUxZ3zaxY,1660,1754,139-77-457-435,25,1280,720,train,id10904
1fpTDuFfoB0,9945,10081,294-28-556-390,25,1280,720,train,id10140
pmZA1DsFXzU,1096,1240,341-50-625-433,25,1280,720,train,id10256
vqs1ZvoJ4XY,12067,12180,346-0-746-478,25,1280,720,train,id10068
Y4a_LeHg1YQ,2819,2955,492-64-827-521,25,1280,720,train,id10125
eTefQFzjEUw,960,1025,289-42-651-452,25,1280,720,train,id10906
uu_PFW7_lRw,18012,18134,223-64-735-689,25,1152,720,train,id10377
GrMoTZTHH-E,2161,2425,481-4-898-425,25,1280,720,train,id10637
s3ZWWI1GJZ8,7665,7979,341-60-838-600,25,1280,720,train,id10038
vYBOvwSW--4,2335,2447,428-77-821-400,25,1280,720,train,id10012
TmFZuJJhtlM,1286,1395,292-11-688-431,25,1280,720,train,id10718
x1qEqwm3cQw,3724,3892,847-125-1132-473,25,1280,720,train,id10970
UDh8sLGiLN4,7573,7644,408-91-671-400,25,1280,720,train,id11058
cWpVjyNZBNM,2552,2695,379-0-746-546,25,1280,720,train,id10598
IRuhsRDUjOI,575,736,213-72-537-494,25,1280,720,train,id10222
CVaJCOEfwGw,1475,1902,580-0-1078-651,25,1280,720,train,id10722
dPuUe_XVELQ,4583,4815,488-0-899-540,25,1280,720,train,id11149
GnHTN8Ob5pk,1608,1755,276-81-588-429,25,1280,720,train,id10254
VUU2CzTdpMs,2472,2602,367-64-594-389,25,1280,720,train,id11247
IJUfuaDj3ZQ,364,478,298-55-535-374,25,1280,720,train,id10787
2acqwAr_P_U,7216,7387,782-66-1079-426,25,1280,720,train,id10560
HoV3UgQBvh4,3802,3906,460-90-728-427,25,1280,720,train,id10343
ZeJusCByqU4,3310,3438,351-68-905-738,25,1280,720,train,id10782
6IyZMMFSUqk,9248,9486,500-53-812-448,25,1280,720,train,id10874
_P2lfeCH9hE,80,292,413-134-751-532,25,1280,720,train,id10971
PR9f4cmOkBk,1602,1704,513-73-849-481,25,1280,720,train,id10840
2C53CSrIXZg,5912,6140,428-92-756-457,25,1280,720,train,id10408
Rc2tztXAw4w,6202,6448,706-111-1010-514,25,1280,720,train,id10715
dXAgeC29uVY,8415,9439,625-68-938-408,25,1280,720,train,id10689
APrftfxDVTM,1300,1471,618-84-976-506,25,1280,720,train,id10934
JeCs0WPa4t0,136,343,529-13-916-561,25,1280,720,train,id10973
tCMdSd4raUE,3154,3298,411-10-951-613,25,1280,720,train,id10224
9AuksVM4-d4,3190,3307,469-81-749-461,25,1280,720,train,id10567
vJSc3FB4US0,56993,57270,477-41-787-399,25,1280,720,train,id10105
VJ__L3391hU,680,792,701-87-978-426,25,1280,720,train,id11179
EsHJPBrSHlw,1170,1458,560-64-866-432,25,1280,720,train,id10497
_lNNLktXC3g,4101,4206,599-21-967-460,25,1280,720,train,id10998
EEhA6pm6plU,9924,10098,583-35-1082-634,25,1280,720,train,id11065
x2m6UT2PEv0,8896,9062,487-39-739-353,25,1280,720,train,id11088
LXCX-_P-Icc,2132,2316,554-0-1029-523,25,1280,720,train,id10786
Ogw1EgEdV9g,5486,5707,409-35-730-477,25,1280,720,train,id10220
evLtLnK_myA,6407,6522,365-72-784-618,25,1280,720,train,id11181
M5lYNe7y2QY,20809,20936,461-107-708-494,25,1280,720,train,id10072
09H3uJc9fI8,7222,7643,438-71-781-496,25,1280,720,train,id11110
dZDFZaR4CeU,256,424,606-10-863-337,25,1280,720,train,id10591
qEL-QYu5nHI,2536,2689,530-48-809-435,25,1280,720,train,id10652
ve6qA-6_Q5g,6441,6897,678-110-1052-503,25,1280,720,train,id10715
O77p-6-AqP4,37099,37505,526-27-851-355,25,1280,720,train,id11211
Y4a_LeHg1YQ,1962,2238,537-55-942-554,25,1280,720,train,id10125
R6sLrhpbksI,1914,2013,486-75-731-418,25,1280,720,train,id10501
8llUxZ3zaxY,985,1160,199-61-508-385,25,1280,720,train,id10904
STV_UN0dM5k,10898,11015,125-0-390-342,25,640,360,train,id10822
qq_pSBQx4vs,4262,4432,282-0-537-377,25,640,360,train,id10405
WMh3ye5tBsE,3292,3435,600-59-1095-540,25,1280,720,train,id10005
D3mnjy9XmZc,9244,9784,292-72-512-386,25,1280,720,train,id10787
i4nAcLHecSM,6523,6632,622-16-1019-499,25,1280,720,train,id11002
z7aacYVwUc0,4446,4634,181-98-407-429,25,1280,720,train,id10569
ZBA7U2CaNWs,2957,3082,301-105-532-413,25,1280,720,train,id11183
RbDos3-ASX4,2071,2321,729-61-1027-438,25,1280,720,train,id10970
FiyTw1mHYTY,1208,1352,460-88-791-449,25,1280,720,train,id10406
HxfxcxUXPDA,5050,5220,408-28-738-451,25,1280,720,train,id10007
dsqG4I6CC48,1125,1231,416-61-737-499,25,1280,720,train,id10755
BG2NZl6gzjk,8439,8544,591-142-852-533,25,1280,720,train,id10635
qsqQMGJQgkQ,1960,2132,384-0-895-736,25,1280,720,train,id10406
l6k-pbyr11w,1760,1855,283-49-650-439,25,1280,720,train,id10094
axJxhzwlEuw,597,1425,737-97-1063-413,25,1280,720,train,id10314
R0lyqkDqzu4,18310,18446,406-82-644-394,25,1280,720,train,id11214
psNrfLdeTvg,2435,2563,625-33-892-401,25,1280,720,train,id10374
ULBH3A8DjPM,2234,2372,444-77-744-421,25,1280,720,train,id11248
oIyn9lbgWB4,1676,1779,317-55-571-375,25,1280,720,train,id10190
BG2NZl6gzjk,10388,10801,517-124-885-580,25,1280,720,train,id10635
vNVKFvhgU4c,1202,1618,227-70-792-670,25,1280,720,train,id10934
6kGwhudccdg,8824,9036,514-104-906-641,25,1280,720,train,id11248
JrwqvWr5_VE,3299,3404,387-25-749-392,25,1280,720,train,id10009
Rj1Lt7hClDc,3489,3628,362-27-856-508,25,1280,720,train,id10841
LWet2zhWjBg,2608,2758,435-0-755-386,25,1280,720,train,id10067
53TPX-lAnQs,4787,5229,682-106-1073-518,25,1280,720,train,id10715
7aGGaG6BigQ,3477,3547,435-54-841-455,25,1280,720,train,id10907
F61EC40dTxE,3992,4164,548-37-795-352,25,1280,720,train,id11211
_6dug2ilQf0,4976,5306,655-28-950-425,25,1280,720,train,id10570
GJqFYiUVlZc,2632,2732,307-18-727-442,25,1280,720,train,id10609
Ta2h-xTptPE,17511,17773,301-101-527-411,25,1280,720,train,id10997
y2BnB5a_Sfw,1809,1916,432-102-720-489,25,1280,720,train,id10315
oNUM8zMr044,8450,8738,764-63-1071-426,25,1280,720,train,id11244
8nL5EaQ9ruY,13336,13467,436-91-700-426,25,1280,720,train,id10819
adkUsXlbCxI,8843,8955,643-116-894-458,25,1280,720,train,id10909
3GwaTALapW4,4093,4247,751-72-1012-455,25,1280,720,train,id10144
4IrzgonbcPs,3223,3396,833-163-1152-506,25,1280,720,train,id10621
0RZ0fbokq-k,4427,4630,301-34-665-388,25,1280,720,train,id10560
A1vEHrrVdFg,6148,6222,466-95-689-460,25,1280,720,train,id11186
l4HDjqZxAHQ,3544,3658,387-0-938-762,25,1280,720,train,id10903
t9mtPhZEJoQ,9523,9729,647-57-999-499,25,1280,720,train,id11211
PnBL88Vnb10,7186,7413,521-88-879-474,25,1280,720,train,id11149
AvL7YgTY1KY,1525,1705,451-94-709-440,25,1280,720,train,id10315
AhxTN-wTXo0,3151,3447,428-78-853-601,25,1280,720,train,id10846
WmRjxT0L8pA,7157,7301,393-65-761-498,25,1280,720,train,id10192
O77p-6-AqP4,37716,38039,524-35-816-355,25,1280,720,train,id11211
4AFIHtea8Co,492,705,456-48-905-559,25,1280,720,train,id10218
TnQtICvA1EI,1695,1797,758-63-1030-371,25,1280,720,train,id10563
2eRQS2oh6E4,2534,2829,494-55-813-412,25,1280,720,train,id11148
G9BNoF7zB1Q,3536,3786,171-26-628-590,25,1280,720,train,id10779
QbAhvzYquvY,4191,4367,810-52-1084-375,25,1280,720,train,id10814
nPHpd1JQnzU,554,730,681-107-967-460,25,1280,720,train,id10561
PyQbuk7rDeE,3958,4481,766-81-1028-400,25,1280,720,train,id10687
9ucDaSmEY5w,4713,4859,390-70-743-401,25,1280,720,train,id10603
hVxu7mdIWo8,258,362,478-62-738-448,25,1280,720,train,id10634
R5z-fbCN6ME,728,809,260-33-811-567,25,1280,720,train,id10785
sihrbjCiUOM,2324,2539,509-40-768-348,25,1280,720,train,id11148
gfPZ3Cf9fcc,4398,4712,567-39-885-430,25,1280,720,train,id10997
wSJV1G7J6wQ,16542,16666,508-75-778-417,25,1280,720,train,id11211
drr525bLzoA,11049,11279,550-66-833-421,25,1280,720,train,id10633
VQdsPaGPYJw,6746,7072,579-66-928-450,25,1280,720,train,id10754
rGWIzHtlB6M,2116,2210,417-65-797-355,25,1280,720,train,id10817
VlzO7Uzdu80,5370,5488,563-73-882-385,25,1280,720,train,id10066
7J4N-z-ptUk,773,932,475-57-730-396,25,1280,720,train,id11027
CrUpSXxGEXs,4685,4796,422-61-741-439,25,1280,720,train,id10097
Yta0Nrl7-fo,8234,8378,292-44-751-629,25,1280,720,train,id10757
HxfxcxUXPDA,708,872,390-52-745-388,25,1280,720,train,id10007
ygFqhQoplYc,8055,8224,323-115-742-494,25,1280,720,train,id11212
ETDT0kqfjfA,36391,36573,466-0-999-710,25,1280,720,train,id10935
sSPuoJJOd8Q,871,976,435-61-633-376,25,1280,720,train,id11088
zV3qLXhmSLQ,4831,5013,120-35-441-364,25,640,360,train,id10933
2YxBilpBYRs,1871,1992,530-51-806-447,25,1280,720,train,id10811
kPo1JPCa2ws,2895,3032,532-122-806-495,25,1280,720,train,id11151
6btPei03bv0,7554,7678,628-94-872-448,25,1280,720,train,id10374
M1un4TBq48M,829,933,494-40-756-397,25,1280,720,train,id10070
LO3nU7eFEQ0,11317,11460,420-34-858-510,25,1280,720,train,id11002
nDzJ5qunHSg,18361,18476,417-0-983-664,25,1280,720,train,id10407
UPWCLTOQARI,8732,8969,575-14-934-376,25,1280,720,train,id10652
lNnZ52QSws4,6518,7301,563-34-1031-650,25,1280,720,train,id10687
suFk_GZgpXk,4279,4812,333-22-618-391,25,1280,720,train,id10808
1fpTDuFfoB0,3407,3754,321-61-598-405,25,1280,720,train,id10140
QdBQTHX55yI,19973,20113,331-0-620-348,25,640,360,train,id11248
S_9vit-GCb8,5778,5904,78-15-390-346,25,480,360,train,id10260
GrMoTZTHH-E,615,756,525-20-870-420,25,1280,720,train,id10637
sh6J3wEmceA,8784,8915,59-38-661-640,25,1280,720,train,id10095
oF8MUO8_9u8,4904,4996,591-41-1006-577,25,1280,720,train,id10994
3ULaml6QbpI,7215,7379,434-43-757-449,25,1280,720,train,id10342
ETDT0kqfjfA,8783,9066,504-0-1047-711,25,1280,720,train,id10935
yPdbQM21r-I,8103,8234,762-79-1050-427,25,1280,720,train,id11183
4e8JhoCmHuM,26,353,526-37-826-411,25,1280,720,train,id10374
LawD2f_daPM,3150,3302,571-114-829-430,25,1280,720,train,id10095
F0M2mAhPJXI,1065,1166,602-39-981-438,25,1280,720,train,id10256
Eaf-dgA59Gs,2320,2495,227-57-493-394,25,1280,720,train,id10064
E2A6rzw2iEw,2333,2552,639-30-938-360,25,1280,720,train,id10652
o77Wd9kFaTs,5116,5217,599-82-934-427,25,1280,720,train,id10101
RGdJi_rmXzM,491,843,275-0-765-602,25,1280,720,train,id10134
H4VSCIKkxss,6629,7215,430-2-895-633,25,1280,720,train,id11002
ny0WDSREbqU,992,1138,195-0-464-364,25,640,360,train,id11119
a0YOcRIfvyg,1568,1757,401-0-948-679,25,1280,720,train,id10777
stncSY4btt8,2416,2884,167-45-445-379,25,1280,720,train,id10218
Usrha4QHXc8,2037,2160,510-81-874-434,25,1280,720,train,id10904
eU56nK2YsGs,2132,2431,92-0-370-319,25,480,360,train,id10252
ZNZddVsZrJk,5069,5260,373-27-848-589,25,1280,720,train,id11061
Jp1hCpISxqQ,1021,1156,196-20-494-383,25,1280,720,train,id10637
kwLrVcQTeEQ,2536,2937,456-51-809-413,25,1280,720,train,id10140
lNnZ52QSws4,144,452,679-101-1056-640,25,1280,720,train,id10687
rTUg4dv4e3s,4686,4803,414-0-782-427,25,1280,720,train,id10467
PZPeObANB1A,1163,1285,438-8-916-645,25,1280,720,train,id10529
PZPeObANB1A,2584,2796,311-0-888-754,25,1280,720,train,id10529
rBCZAnz1iAs,1760,1939,320-73-557-383,25,1280,720,train,id10254
EnvDKuGlPhU,2934,3070,460-15-788-485,25,1280,720,train,id10964
pBFbAzUYb90,1459,1623,314-0-720-508,25,1280,720,train,id10811
WIxJnSvFfY4,5548,6412,654-90-1009-488,25,1280,720,train,id10715
ozFauToZMB0,55749,55877,385-105-801-545,25,1280,720,train,id10690
XI0jZhZt-Mo,492,610,120-0-924-780,25,1280,720,train,id10993
zWE8NG5oSOA,1852,2027,633-67-994-511,25,1280,720,train,id11211
gBHDo00bNlc,311,484,362-35-745-587,25,1280,720,train,id10220
W8kzi8zeUX8,393,520,331-51-711-573,25,1280,720,train,id10135
TmFxFmrcngk,5520,5804,222-58-798-599,25,1280,720,train,id10343
NFY4gpMivxw,1118,1342,269-75-606-462,25,1280,720,train,id10160
DT-pmZwLd60,1174,1759,313-55-725-592,25,1280,720,train,id10757
5SYe2lwyGtY,6785,6908,299-71-612-443,25,1280,720,train,id10931
yDqlBD8m_b8,3404,3507,484-78-769-442,25,1280,720,train,id11248
VLIUUFV4Q8M,3011,3157,780-74-1031-390,25,1280,720,train,id10376
tdeNGXCvfno,1691,1839,466-116-809-542,25,1280,720,train,id10012
UQHxWAqbckE,5732,5852,395-24-787-430,25,1280,720,train,id11227
wLQmngyLywo,3033,3413,535-69-822-436,25,1280,720,train,id10754
s5TtZQlEAM4,387,561,471-49-776-425,25,1280,720,train,id10342
aJQDn_hg7Nw,639,749,285-0-707-404,25,1280,720,train,id10810
1WydqWcPBPY,9204,9304,580-88-824-431,25,1280,720,train,id10567
EYZaUHNcx_8,4671,5019,631-67-929-411,25,1280,720,train,id11064
gOJIiIqoV9s,2887,3012,503-121-811-495,25,1280,720,train,id10900
e93OOf47Qak,76,345,777-94-1066-468,25,1280,720,train,id10039
nHItXVk89OE,2168,2297,433-79-827-492,25,1280,720,train,id10839
7ao47BbpCuA,4617,4762,540-14-911-511,25,1280,720,train,id10193
VITHKnnDF6o,9602,9725,307-44-709-512,25,1280,720,train,id10777
9gJstEFi4dk,3779,3850,391-38-1008-689,25,1280,720,train,id10563
wiAQUGzfcU8,1319,1446,486-159-754-538,25,1280,720,train,id10160
YvRKvdS43t8,6049,6500,193-12-536-435,25,1280,720,train,id10722
XbHLnOJm01g,4506,4701,292-72-538-382,25,1280,720,train,id10756
EBRN94RlDAk,9543,9657,704-34-957-355,25,1280,720,train,id10570
Z5Fky9T8L-0,560,774,379-27-825-548,25,1280,720,train,id10634
S5yV10aCP7A,3200,3334,526-59-994-506,25,1280,720,train,id10192
rLWbcgmfJok,1807,1914,364-113-746-559,25,1280,720,train,id10721
ntGTUIJ3JLg,6983,7171,448-68-743-414,25,1280,720,train,id10977
Diqp1rByfxg,3268,3405,76-36-326-345,25,480,360,train,id10690
V-C-0oyiEBQ,1018,1253,699-72-963-432,25,1280,720,train,id10500
1VzsrczsNlk,5048,5178,505-101-962-570,25,1280,720,train,id10631
0DguVzNXLUI,332,433,297-49-865-722,25,1280,720,train,id10322
wfBk-ezUiVs,550,747,481-108-836-559,25,1280,720,train,id10872
Z4MgQFTWRSE,5491,5640,637-68-865-396,25,1280,720,train,id10689
QitTSv_hmwc,9755,9862,228-65-469-378,25,1280,720,train,id10070
PtTG8YUZ92Q,10000,10130,549-60-921-461,25,1280,720,train,id11059
Ix4MmmPdjhk,5366,6072,737-52-993-418,25,1280,720,train,id10756
PyZ7LqrciCs,3946,4163,414-103-716-550,25,1280,720,train,id10231
gQgj-fB7jzw,6855,6961,520-87-999-720,25,1280,720,train,id11001
oL2J19duVLE,3477,3607,393-29-767-498,25,1280,720,train,id10904
bIoRUtPo34Q,900,1064,626-51-992-499,25,1280,720,train,id11211
G5R2-Hl7YX8,10012,10470,205-0-701-722,25,1280,720,train,id10999
txw5GR3474E,3928,4031,742-59-1005-372,25,1280,720,train,id10346
ecZf_nvdKvM,4776,4952,570-0-1072-742,25,1280,720,train,id10374
WIxJnSvFfY4,6578,6690,709-92-974-481,25,1280,720,train,id10715
ktpj6iCQTRs,11778,11928,392-14-851-593,25,1280,720,train,id10845
hyUfye8vNI8,2684,2872,567-72-830-406,25,1280,720,train,id10655
eKkz_sTJbqc,1905,2041,369-15-820-718,25,1280,720,train,id10970
kw0tsFyZO5w,2868,2978,402-73-696-498,25,1280,720,train,id10231
Zma-7JVzUFk,1482,1626,655-60-915-426,25,1280,720,train,id10600
_9x1vLInPc0,2424,2696,388-14-953-617,25,1280,720,train,id11179
zQROl4ZsMVA,1925,2031,362-0-900-699,25,1280,720,train,id10006
cKYTZp8y3Ao,6937,7408,547-58-829-404,25,1280,720,train,id10410
RKYYTBXk3iE,5156,5311,548-33-1018-435,25,1280,720,train,id10870
W5DniOgQHsg,1993,2094,427-40-744-344,25,1280,720,train,id10158
6WF3hXZJFoo,9966,10929,491-53-978-517,25,1280,720,train,id11060
7sWz7AMJ20c,1995,2163,640-50-1254-763,25,1280,720,train,id10964
xVxIMAwnHaI,1608,1728,453-61-947-643,25,1280,720,train,id10846
oXGQICBI-k8,5854,6054,169-0-496-360,25,640,360,train,id10994
rLWbcgmfJok,2300,2406,413-116-798-531,25,1280,720,train,id10721
G8OqSglsP68,19509,19654,485-39-882-503,25,1280,720,train,id11123
VUU2CzTdpMs,6772,6990,393-58-637-374,25,1280,720,train,id11247
evLtLnK_myA,4698,5179,344-54-769-630,25,1280,720,train,id11181
rz2nxNrhGtk,303,494,653-93-972-475,25,1280,720,train,id10715
lWTwjQnsVV4,6269,6374,514-39-911-511,25,1280,608,train,id10655
JSzJC7Ytf_8,7767,7847,343-20-643-441,25,1280,720,train,id11117
n9V7Ze1yfBw,419,563,370-58-878-710,25,1280,720,train,id10683
HS5QiWHdHmA,9967,10070,389-95-624-431,25,1280,720,train,id10345
LXCX-_P-Icc,5822,6114,533-12-1012-550,25,1280,720,train,id10786
Sy6vuOsoYgw,1944,2171,270-96-549-417,25,1280,720,train,id11244
X33K8VVfD6g,1966,2107,345-93-696-568,25,1280,720,train,id10219
nIZxVTu_1W8,24692,24835,425-121-796-521,25,1280,720,train,id11183
MI0UO-B1yQA,7299,7653,569-20-1024-594,25,1280,720,train,id10104
eTefQFzjEUw,5561,5806,359-41-760-461,25,1280,720,train,id10906
ETDT0kqfjfA,37246,37365,389-0-956-741,25,1280,720,train,id10935
P7FA2rhNFoo,1220,1345,764-53-1051-384,25,1280,720,train,id10623
0RsOMTn-DSM,5082,5197,205-13-542-362,25,1280,720,train,id10845
XVGLB2sToBU,2355,2526,408-73-872-515,25,1280,720,train,id10974
TI_gXkvlLGo,3113,3534,318-19-670-416,25,1280,720,train,id10560
p08Vaf307-A,10820,11008,346-0-974-754,25,1280,720,train,id11186
Ta2h-xTptPE,1350,1506,292-109-562-416,25,1280,720,train,id10997
3iIZt6L4Juc,142,541,189-0-435-322,25,640,352,train,id10373
vJSc3FB4US0,59382,59579,490-80-760-444,25,1280,720,train,id10105
wEO3blmXr6E,2485,3254,763-41-1061-418,25,1280,720,train,id10561
dTDPdozz3X8,10973,11126,272-61-495-445,25,1280,720,train,id11089
LeEi_BeRxiU,160,288,566-15-864-444,25,1280,720,train,id11118
bf4k7UHX7yM,5470,5838,322-81-692-450,25,1280,720,train,id10561
bFBEHF1SWeQ,2170,2422,730-111-1005-494,25,1280,720,train,id10715
ntw3-zOROlo,1675,1808,426-19-809-596,25,1280,720,train,id10094
LjZQYwe2tIU,20985,21089,553-87-881-470,25,1280,720,train,id10901
OpOC4O2jgMs,5928,6058,314-0-776-573,25,1280,720,train,id10569
bf4k7UHX7yM,1022,1103,372-84-722-460,25,1280,720,train,id10561
q68hf87novc,18520,18733,294-0-667-479,25,1280,720,train,id10324
oXGQICBI-k8,5108,5224,166-0-422-357,25,640,360,train,id10994
ke3JqwYpUtc,3741,3842,662-53-1031-507,25,1280,720,train,id10344
oYzKZelxKDI,3798,3943,647-113-980-486,25,1280,720,train,id10715
Dh4ud8GDlsQ,2248,2352,421-43-688-490,25,1164,720,train,id10313
e93OOf47Qak,2177,2299,771-110-1080-472,25,1280,720,train,id10039
skt7RVs2Exo,2671,2927,460-33-837-510,25,1280,720,train,id10104
vqs1ZvoJ4XY,3132,3286,425-0-729-389,25,1280,720,train,id10068
Ewxvx8w0bKg,5328,5491,481-0-798-481,25,1280,720,train,id10964
OSUGWP3iYns,476,665,676-64-1030-390,25,1280,720,train,id10376
7qUfkhbDaqc,966,1068,359-56-829-530,25,1280,720,train,id10006
CLR3cOOT0pY,872,1008,265-6-748-592,25,1280,720,train,id10590
FF4ung5wyhY,576,708,349-96-701-575,25,1280,720,train,id11181
Lt7XKpDEmh0,3150,3696,413-120-918-600,25,1280,720,train,id10935
QDci3wvb4y4,2543,2697,664-54-918-406,25,1280,720,train,id10405
vwVOmAb7eCQ,10852,11022,640-84-954-494,25,1280,720,train,id10817
MsJKfBcIHrI,4564,4681,407-88-792-546,25,1280,720,train,id10903
nIZxVTu_1W8,9221,9325,388-126-712-508,25,1280,720,train,id11183
1ZHfeEHP8is,4808,5045,464-62-789-408,25,1280,720,train,id10599
qVruVasy3ck,273,878,259-21-612-420,25,1280,720,train,id11088
Rgcly9rtyw0,6462,7486,405-49-654-384,25,1280,720,train,id10757
zvZZyolTF4g,9881,10026,619-83-1100-616,25,1280,720,train,id10012
eswfrt1d9AE,4526,4843,257-43-572-416,25,1280,720,train,id10579
3fWgwa6UlHM,451,612,208-45-509-466,25,1280,720,train,id10785
n3JBoirGzlc,2352,2762,759-33-1036-390,25,1280,720,train,id10844
QfJhW6GMCG0,2180,2325,420-18-911-576,25,1280,720,train,id10221
XIXGXN9zgoM,4385,4497,742-84-990-401,25,1280,720,train,id10939
_E-vRMuA-ak,1005,1194,367-0-974-807,25,1280,720,train,id10683
vJSc3FB4US0,26396,26603,491-76-782-395,25,1280,720,train,id10105
2qpYGAXuxpw,9862,9966,341-76-669-471,25,1280,720,train,id10594
7oJFuMo0Fmc,580,654,509-46-951-586,25,1280,720,train,id10249
XsiRQ8XiWOk,6324,6511,301-67-824-572,25,1280,720,train,id11181
AVABsxQ4yYM,1448,1560,747-87-996-404,25,1280,720,train,id10255
FF4ung5wyhY,1669,2507,299-82-809-601,25,1280,720,train,id11181
2iZQFpRit3E,3748,3964,553-68-851-402,25,1280,720,train,id10311
oWGFcDV_ijs,1649,1765,668-78-987-483,25,1280,720,train,id10344
ffCkm0WA_Tg,4989,5205,169-0-830-774,25,1280,720,train,id10757
ztz1E1DcgkE,6196,6345,403-75-713-416,25,1280,720,train,id10876
L9J3ZProgGw,2792,2898,292-55-568-381,25,1280,720,train,id10409
FFuf50mjOiA,1860,1967,327-0-915-683,25,1280,720,train,id11028
XbkMcvnNq3g,4542,4944,164-0-418-358,25,480,360,train,id11119
f2AW_6VUBD8,490,715,374-73-672-423,25,1280,720,train,id10344
cKYTZp8y3Ao,15438,15535,585-89-884-420,25,1280,720,train,id10410
00C50DI8uZU,4687,4816,449-39-910-540,25,1280,720,train,id10982
gnZEyw92hLU,2564,2687,292-0-685-400,25,1280,720,train,id10249
sRK36oyidyc,4979,5114,247-29-603-392,25,1280,720,train,id10064
w7CfqmaKgn0,5791,5890,550-121-863-543,25,1280,720,train,id10872
h1lkW2-Y-qI,488,592,257-77-592-397,25,1280,720,train,id10377
n3JBoirGzlc,302,669,740-44-989-384,25,1280,720,train,id10844
8Mo7XZK9MSI,1053,1169,186-0-602-504,25,1280,720,train,id11029
zshSV_P7CJc,4747,4985,484-38-736-360,25,1280,720,train,id10723
y2BnB5a_Sfw,926,1098,374-138-710-502,25,1280,720,train,id10315
CNA06a6vYUo,2518,2604,370-96-641-451,25,1280,720,train,id11248
jdUaIvU7LGc,1871,1962,164-155-609-502,25,1280,720,train,id10971
Pxh-ihSUOTk,5609,6184,403-57-792-516,25,1280,720,train,id10600
4K_g_l9Gvrc,12113,12291,456-64-782-521,25,1280,720,train,id10997
baXSnp3NMjs,5201,5772,833-85-1069-419,25,1280,720,train,id11244
st_gyY3Hv5M,1767,1884,328-84-586-427,25,1280,720,train,id10606
lAz0Cby3soY,6579,6730,828-37-1120-378,25,1280,720,train,id10603
5fcfPAAUnxg,8603,8763,431-71-792-490,25,1280,720,train,id10940
NpJz6_nEzJs,2439,2531,306-88-670-485,25,1280,720,train,id10901
aacBLJr-hs0,719,1155,426-132-747-475,25,1280,720,train,id10751
qbv3M389SI0,2155,2255,239-0-513-315,25,640,352,train,id11002
8HnFow2pNIE,1804,1913,232-48-656-477,25,1280,720,train,id10563
ETDT0kqfjfA,10485,10608,467-0-1026-675,25,1280,720,train,id10935
cKppgNesTSg,6234,6794,743-38-1045-458,25,1280,720,train,id10905
AhxTN-wTXo0,805,1151,398-59-873-636,25,1280,720,train,id10846
Ir3lm2pv8Qw,1203,1317,396-64-708-481,25,1280,720,train,id10231
Lx35xZiNsaE,6548,7089,741-9-1032-357,25,1280,720,train,id10597
Ljgs5PhThzI,1843,1994,652-50-918-364,25,1280,720,train,id10570
EBRN94RlDAk,9458,9655,697-28-1017-383,25,1280,720,train,id10570
akGTL1WMbVI,3207,3484,703-82-990-505,25,1280,720,train,id10715
w8ZtLL4aFOo,5445,5705,303-72-672-492,25,1280,720,train,id10601
M3rfGq1-lXg,3035,3397,345-95-613-451,25,1280,720,train,id10909
xW6nnyI1CoE,9766,9905,475-39-724-371,25,1280,720,train,id10637
qD3W_3--VNw,4465,4546,498-44-842-363,25,1280,720,train,id10785
xet1nNhNIdQ,330,435,670-84-921-446,25,1280,720,train,id11151
98fSv4O50jk,1106,1641,348-74-626-412,25,1280,720,train,id10131
S-Jw1A7w3uU,3356,3472,327-67-781-611,25,1280,720,train,id10813
Ewxvx8w0bKg,4585,4715,440-0-829-471,25,1280,720,train,id10964
YvRKvdS43t8,1319,1459,303-70-621-452,25,1280,720,train,id10722
TI_gXkvlLGo,7270,7355,239-44-648-427,25,1280,720,train,id10560
u0Ym8-q1wyE,1423,1488,532-0-948-612,25,1280,720,train,id10502
6IyZMMFSUqk,7255,7677,508-58-805-450,25,1280,720,train,id10874
VveTfB3J_G0,3838,3963,238-3-497-325,25,640,360,train,id10753
0MkUMDGw5vo,3779,3940,334-113-811-599,25,1280,720,train,id11181
dg0LzcKiONg,3828,4070,361-6-927-583,25,1280,720,train,id10321
EHSEDnLxkC4,4688,4900,388-105-763-550,25,1280,720,train,id10012
r4IZRsEGDFs,15112,15226,426-126-1001-648,25,1280,720,train,id10008
42Vxg6o0Svs,6050,6232,160-0-444-365,25,640,350,train,id10067
FX9xYyyuPBE,3179,3483,821-70-1061-400,25,1280,720,train,id10904
A51Tymkp8eY,307,484,346-104-744-532,25,1280,720,train,id10752
hKCJ_V7Qghg,3371,3474,500-40-877-551,25,1280,720,train,id10406
wf56LXLXPks,7902,8071,477-153-868-579,25,1280,720,train,id10322
P7OkDICYzpg,2279,2514,258-36-565-399,25,1280,720,train,id10720
8llUxZ3zaxY,2165,2434,193-58-503-402,25,1280,720,train,id10904
5vqB5lD73dw,5171,5383,595-37-989-565,25,1280,720,train,id10752
c3NNibFk058,7414,7580,243-62-494-400,25,1280,720,train,id10720
4sR_yegf4O4,5144,5250,370-123-731-594,25,1280,720,train,id10033
zAmqTqqla_A,19198,19324,486-0-702-309,25,1280,720,train,id10784
ETE7mC72m10,6561,6661,423-126-774-549,25,1280,720,train,id11151
QdBQTHX55yI,19797,19934,266-0-627-381,25,640,360,train,id11248
HS5QiWHdHmA,9044,9198,378-89-601-402,25,1280,720,train,id10345
z_Q4arrxGcY,1359,1630,366-3-732-420,25,1280,720,train,id10841
r4IZRsEGDFs,45220,45443,509-102-1049-706,25,1280,720,train,id10008
HXUqYaOwrxA,6008,6310,764-83-1071-394,25,1280,720,train,id10563
IxB0HPTXtws,4080,4187,369-93-602-407,25,1280,720,train,id10259
fVBt87_h4oM,4257,4717,569-69-799-422,25,1280,720,train,id10843
VLIUUFV4Q8M,2795,3004,754-23-1049-386,25,1280,720,train,id10376
7xaAmL5lPFs,1522,1631,546-0-1161-714,25,1280,720,train,id11210
7Bz4n7N0QsM,5030,5226,443-65-810-480,25,1280,720,train,id10560
oX1eeCS7gsE,2210,2349,276-154-572-464,25,1280,720,train,id10071
voWiH3obMkw,358,780,236-0-592-446,25,1280,720,train,id10561
sM6t2znWSo0,2417,2565,210-44-441-359,25,640,360,train,id10321
8BXQmxl_6z8,958,1070,211-0-595-536,25,1280,720,train,id11029
LoC-EwD54Ng,6063,6294,430-21-752-437,25,1280,720,train,id10808
3oqzMfP3xTU,4149,4521,460-44-796-433,25,1280,720,train,id10750
ozFauToZMB0,26845,26990,506-108-866-549,25,1280,720,train,id10690
Z4MgQFTWRSE,6788,7076,653-75-879-386,25,1280,720,train,id10689
OpOC4O2jgMs,864,1018,257-0-725-595,25,1280,720,train,id10569
DJk_5DLXnxQ,3196,3497,416-0-953-725,25,1280,720,train,id10188
q2AlqRjtUpc,3558,3974,550-81-813-427,25,1280,720,train,id10226
psPu6ooU8tA,1358,1612,323-68-706-433,25,1280,720,train,id10756
3gjv4O6A_F4,1815,1919,591-85-914-415,25,1280,720,train,id10812
pT0t0kXt62o,1442,1574,673-71-987-485,25,1280,720,train,id10969
2tjbgj_j-nY,266,375,556-44-831-384,25,1280,720,train,id10631
4IbFj8Z27ho,2078,2357,243-15-518-361,25,1280,720,train,id10187
Ct1XMedcGHk,1406,1624,421-61-772-493,25,1280,720,train,id10601
dUe1C2zMWds,13459,13564,172-0-406-308,25,596,336,train,id11245
qAkrKOCOAdc,1044,1368,641-42-928-476,25,1280,720,train,id10321
cy_dxjr3CrY,3266,3374,750-90-1027-434,25,1280,720,train,id10598
DlKHRXhFKnA,2045,2171,526-117-850-513,25,1280,720,train,id11031
e64p0tyTJWc,5414,5485,680-66-1005-386,25,1280,720,train,id10570
Ub6SPDiiCz0,4240,4445,699-80-975-407,25,1280,720,train,id10686
K0YrTxZ9a4o,781,933,260-112-486-455,25,1280,720,train,id10592
EFfIIkfACx8,6479,6632,288-57-610-450,25,960,720,train,id10996
dZDFZaR4CeU,2290,2571,675-25-936-344,25,1280,720,train,id10591
ZeJusCByqU4,3480,3584,383-71-877-716,25,1280,720,train,id10782
sh6J3wEmceA,2694,2806,327-0-768-628,25,1280,720,train,id10095
NIyV2QZ9a0M,13446,13668,490-75-818-478,25,1280,720,train,id10977
EAAH0qnFpgw,2315,2513,402-28-782-479,25,1280,720,train,id10817
CzQPAaPrC-E,6235,6916,345-27-955-568,25,1280,720,train,id10007
v59mVVRg-f4,799,965,463-39-806-602,25,1280,720,train,id11182
nIZxVTu_1W8,31644,31827,443-80-775-483,25,1280,720,train,id11183
e93OOf47Qak,2586,3555,771-90-1077-473,25,1280,720,train,id10039
c2JJdy42sWU,7583,7748,729-46-991-372,25,1280,720,train,id10218
YBE9X_mpy60,5524,5645,307-85-587-409,25,1280,720,train,id10602
V2gHeEDyIaQ,649,1069,484-5-801-428,25,1280,720,train,id11002
ed_fH0Jddr0,2279,2576,626-63-886-374,25,1280,720,train,id10603
SD8tdAWYKy0,2575,2674,553-0-967-583,25,1280,720,train,id10970
W0DjhFMSvK8,4635,4743,243-60-513-404,25,1280,720,train,id10975
_bN6uxZG4Io,2341,2473,434-54-760-419,25,1280,720,train,id10723
q4s0M2lP_RE,467,586,245-113-511-427,25,1280,720,train,id10376
KtAysZt_KeU,6849,6944,286-129-693-516,25,1280,720,train,id10404
nt03w-nQBp4,6338,6602,682-72-983-431,25,1280,720,train,id10973
jRUrHuZXZCE,14667,15001,317-52-637-455,25,1280,720,train,id10934
QuhY9sCgvt4,165,333,480-30-844-387,25,1280,720,train,id10637
2YxBilpBYRs,1401,1561,472-58-836-459,25,1280,720,train,id10811
EEhA6pm6plU,10355,10515,453-61-970-596,25,1280,720,train,id11065
Oa-gvLYpOec,2873,3087,283-42-583-443,25,1280,720,train,id10466
5wZiZlZQYjE,2370,2630,399-89-716-489,25,1280,720,train,id10591
eCAvuDDKX50,3195,3360,257-55-520-383,25,1280,720,train,id10254
_3FwME3nqSM,399,547,416-72-746-456,25,1280,720,train,id10750
gBHDo00bNlc,988,1240,367-59-745-589,25,1280,720,train,id10220
JxOvOmg6t0c,5071,5205,527-85-833-426,25,1280,720,train,id10563
i5mhrsoDndM,4192,4472,454-57-916-614,25,1280,720,train,id10845
Rj1Lt7hClDc,5303,5783,321-7-801-509,25,1280,720,train,id10841
bWizNnWykOY,3957,4104,399-78-804-476,25,1280,720,train,id10130
E1xHSc40Kuw,5674,5839,132-11-375-322,25,480,360,train,id10935
ybaypRfV6T8,2664,2986,624-49-1061-543,25,1280,720,train,id10466
eL9vit9ZOmE,10082,10273,485-29-827-433,25,1280,720,train,id10125
cy_dxjr3CrY,3437,3650,753-91-1031-452,25,1280,720,train,id10598
evLtLnK_myA,7426,7537,400-96-813-613,25,1280,720,train,id11181
WEo0k2KYhaU,1329,1458,651-71-921-498,25,1280,720,train,id10684
tacbsb_fqQ8,753,887,269-25-695-623,25,1280,720,train,id10225
JrwqvWr5_VE,231,407,387-74-709-443,25,1280,720,train,id10009
YEDm4QCiePQ,5012,5136,310-81-623-406,25,960,720,train,id10227
_bWyzeTFGPI,1160,1413,743-64-1042-399,25,1280,720,train,id11123
YUFjR_Pgx28,5433,5878,756-16-1049-354,25,1280,720,train,id10218
1hEr7qKRKL4,5952,6133,513-66-981-690,25,1280,720,train,id10193
bIZQaEVuATQ,8881,9086,446-94-775-422,25,1280,720,train,id10004
pKu03mxA25k,1025,1194,549-99-960-563,25,1280,720,train,id10622
snEFgMJJ7wA,1382,1515,144-0-472-401,25,640,360,train,id10722
dPuUe_XVELQ,2647,2768,510-0-893-528,25,1280,720,train,id11149
LWet2zhWjBg,9120,9226,441-0-742-417,25,1280,720,train,id10067
S-OUAf6Bg0M,10551,10790,692-30-1036-434,25,1280,720,train,id10564
7QBUwuM_y0I,2868,3027,366-86-735-543,25,1280,720,train,id10231
TYe6YjNrzBI,606,839,412-46-757-361,25,1280,720,train,id10102
Ir3lm2pv8Qw,1370,1532,395-53-693-504,25,1280,720,train,id10231
R8SJg-rcjKI,3696,3840,383-190-732-649,25,1280,720,train,id10011
nIZxVTu_1W8,25728,25906,391-106-792-498,25,1280,720,train,id11183
qN9yariTSG8,798,897,489-139-841-605,25,1280,720,train,id10934
maPGe4wglNg,11385,11635,490-126-751-460,25,1280,720,train,id10499
K0UVl6K5FxY,5786,6095,284-77-841-582,25,1280,720,train,id11181
lgpNEg7iSI0,8165,8273,635-87-880-397,25,1280,720,train,id10822
M5lYNe7y2QY,16143,16385,439-87-856-516,25,1280,720,train,id10072
bCN4w8Vn8V8,3067,3443,699-3-1048-422,25,1280,720,train,id10142
naVSZnO7Te4,4183,4305,360-95-754-645,25,1280,720,train,id10752
MeUu2NpDhmM,3562,3661,891-100-1197-423,25,1280,720,train,id10157
EEhA6pm6plU,3673,3774,510-40-996-585,25,1280,720,train,id11065
EFfIIkfACx8,5592,5800,237-15-559-445,25,960,720,train,id10996
qexwrS8HwvI,1226,1360,691-117-1038-480,25,1280,720,train,id10715
QdBQTHX55yI,5174,5402,238-0-510-328,25,640,360,train,id11248
1I54wok4M3I,5175,5287,266-9-510-338,25,640,358,train,id10187
AyU0HNwyWD0,8914,9247,321-0-756-564,25,1280,720,train,id10497
Lt7XKpDEmh0,3696,3764,452-122-922-569,25,1280,720,train,id10935
IvdtqYVM-VE,1313,1429,355-177-609-538,25,1280,720,train,id10563
vJSc3FB4US0,9711,10012,351-70-739-373,25,1280,720,train,id10105
bU-9ZOW0lMU,377,528,371-8-777-618,25,1280,720,train,id10317
rvFzQocj09k,6868,7205,687-102-1048-525,25,1280,720,train,id10715
q0eL3lyElz0,421,615,434-33-944-771,25,1280,720,train,id10683
XmVc0YT4NoI,7618,8468,208-27-510-477,25,1280,720,train,id10935
XVGLB2sToBU,606,781,491-0-858-580,25,1280,720,train,id10974
FgnnQTkhVXE,4251,4519,321-99-763-525,25,1280,720,train,id10376
pAQuWBeaytU,3713,4075,407-76-780-554,25,1280,720,train,id10720
Bv3AAJTkJ1k,1907,2070,468-69-802-501,25,1280,720,train,id10129
Sy6vuOsoYgw,1569,1944,300-101-587-436,25,1280,720,train,id11244
WNlIsX2B1AM,7069,7326,411-69-730-448,25,1280,720,train,id10228
G5R2-Hl7YX8,8353,8473,159-0-690-669,25,1280,720,train,id10999
hoIT4bw6jGs,4056,4487,361-80-699-547,25,1280,720,train,id10751
paeojvY6gjQ,6234,6348,635-78-962-520,25,1270,720,train,id11211
4IbFj8Z27ho,4465,4579,260-35-485-354,25,1280,720,train,id10187
dXAgeC29uVY,993,1618,584-65-941-403,25,1280,720,train,id10689
UPWCLTOQARI,2525,2627,585-67-835-382,25,1280,720,train,id10652
